city,month,days_elapsed,days_in_month,membership_revenue,total_revenue,member_spots,daily_spots,promo_spots,other_spots,member_matches,active_members,distinct_players,members_churned
Atlanta,2023-04,30,30,0.00,0.00,0,0,0,0,0,,0,
Atlanta,2023-05,31,31,0.00,0.00,0,0,0,0,0,,0,
Atlanta,2023-06,30,30,0.00,0.00,0,0,0,0,0,,0,
Atlanta,2023-07,31,31,0.00,0.00,0,0,0,0,0,,0,
Atlanta,2023-08,31,31,0.00,0.00,0,0,0,0,0,,0,
Atlanta,2023-09,30,30,0.00,0.00,0,0,0,0,0,,0,
Atlanta,2023-10,31,31,0.00,0.00,0,0,0,0,0,,0,
Atlanta,2023-11,30,30,0.00,0.00,0,0,0,0,0,,0,
Atlanta,2023-12,31,31,0.00,0.00,0,0,0,0,0,,0,
Atlanta,2024-01,31,31,0.00,0.00,0,0,0,0,0,,0,
Atlanta,2024-02,29,29,0.00,0.00,0,0,0,0,0,0,0,
Atlanta,2024-03,31,31,0.00,0.00,0,0,0,0,0,0,0,
Atlanta,2024-04,30,30,0.00,0.00,0,0,0,0,0,0,0,
Atlanta,2024-05,31,31,0.00,0.00,0,0,0,0,0,0,0,
Atlanta,2024-06,30,30,0.00,0.00,0,0,0,0,0,0,0,
Atlanta,2024-07,31,31,0.00,0.00,0,0,0,0,0,0,0,
Atlanta,2024-08,31,31,0.00,0.00,0,0,0,0,0,0,0,
Atlanta,2024-09,30,30,0.00,0.00,0,0,0,0,0,0,0,
Atlanta,2024-10,31,31,0.00,0.00,0,0,0,0,0,0,0,
Atlanta,2024-11,30,30,0.00,0.00,0,0,0,0,0,0,0,
Atlanta,2024-12,31,31,0.00,0.00,0,0,0,0,0,0,0,
Atlanta,2025-01,31,31,0.00,0.00,0,0,0,0,0,0,0,
Atlanta,2025-02,28,28,0.00,0.00,0,0,0,0,0,0,0,
Atlanta,2025-03,31,31,0.00,0.00,0,0,0,0,0,0,0,
Atlanta,2025-04,30,30,0.00,0.00,0,0,0,0,0,0,0,
Atlanta,2025-05,31,31,0.00,0.00,0,0,0,0,0,0,0,
Atlanta,2025-06,30,30,0.00,0.00,0,0,0,0,0,0,0,
Atlanta,2025-07,31,31,0.00,0.00,0,0,0,0,0,0,0,
Atlanta,2025-08,31,31,0.00,0.00,0,0,0,0,0,0,0,
Atlanta,2025-09,30,30,3.27,63.21,6,7,14,1,5,2,21,
Atlanta,2025-10,31,31,5.45,106.25,9,19,19,0,8,3,31,
Atlanta,2025-11,30,30,9.81,113.36,6,84,3,2,6,5,61,
Atlanta,2025-12,31,31,15.26,251.20,12,67,18,4,12,8,61,
Atlanta,2026-01,31,31,29.43,460.14,71,109,21,0,67,17,87,
Atlanta,2026-02,28,28,32.70,877.00,98,136,11,0,94,19,86,
Atlanta,2026-03,31,31,125.26,837.89,68,101,9,5,66,20,69,
Atlanta,2026-04,30,30,148.13,1134.66,118,144,10,5,113,6,87,
Atlanta,2026-05,31,31,409.76,1211.10,87,87,8,9,86,15,68,
Atlanta,2026-06,30,30,589.15,1305.20,72,96,9,19,72,20,75,
Atlanta,2026-07,31,31,428.17,2202.87,107,148,22,20,106,28,114,
Atlanta,2026-08,31,31,774.05,2195.93,122,114,21,48,122,39,98,
Atlanta,2026-09,17,30,818.93,1987.58,85,103,53,9,83,27,107,
Austin,2023-04,30,30,0.00,0.00,0,0,0,80,0,,51,
Austin,2023-05,31,31,0.00,1765.00,0,166,0,241,0,,159,
Austin,2023-06,30,30,0.00,2228.00,0,252,151,0,0,,118,
Austin,2023-07,31,31,0.00,3927.50,0,415,213,52,0,,203,
Austin,2023-08,31,31,0.00,5131.00,0,577,304,0,0,,290,
Austin,2023-09,30,30,0.00,4203.00,0,410,297,30,0,,257,
Austin,2023-10,31,31,0.00,5852.00,0,627,350,0,0,,306,
Austin,2023-11,30,30,0.00,7388.00,0,808,480,0,0,,428,
Austin,2023-12,31,31,0.00,9407.00,0,1088,762,1,0,,467,
Austin,2024-01,31,31,0.00,10267.50,0,1058,899,0,0,,484,
Austin,2024-02,29,29,0.00,9697.50,2,1063,1026,3,2,8,490,
Austin,2024-03,31,31,2302.00,10846.00,846,845,293,232,810,86,555,
Austin,2024-04,30,30,5693.96,14771.52,1239,880,173,382,1200,121,628,
Austin,2024-05,31,31,6524.42,15966.95,1112,864,184,616,1071,133,718,
Austin,2024-06,30,30,7243.71,16577.87,957,802,103,515,919,125,730,
Austin,2024-07,31,31,7460.47,18624.68,1103,935,128,414,1054,119,785,
Austin,2024-08,31,31,8070.30,18584.92,1124,884,40,523,1089,123,825,
Austin,2024-09,30,30,7611.36,17932.21,1375,904,70,608,1330,118,789,
Austin,2024-10,31,31,7358.49,19345.77,1220,1158,129,616,1194,110,883,
Austin,2024-11,30,30,7555.02,19354.67,1224,1170,63,844,1157,118,986,
Austin,2024-12,31,31,7156.60,19416.83,1214,1203,81,148,1171,120,704,
Austin,2025-01,31,31,7715.48,7715.48,1246,1192,124,590,1195,119,819,
Austin,2025-02,28,28,7409.24,17909.17,1132,1012,45,296,1092,109,720,
Austin,2025-03,31,31,7066.94,20604.75,1496,1252,84,193,1441,105,748,
Austin,2025-04,30,30,7159.16,21230.07,1563,1413,51,142,1523,113,777,
Austin,2025-05,31,31,7890.06,21325.22,1413,1356,46,235,1332,129,801,
Austin,2025-06,30,30,8229.88,24896.70,1492,1658,80,198,1446,124,896,
Austin,2025-07,31,31,8084.38,28036.66,1640,2064,67,233,1587,139,994,
Austin,2025-08,31,31,8518.68,26060.58,1188,1773,41,169,1145,141,836,
Austin,2025-09,30,30,7855.20,24658.72,1228,1696,43,182,1195,119,777,
Austin,2025-10,31,31,7224.97,24413.17,1310,1740,37,166,1280,129,825,
Austin,2025-11,30,30,8198.86,24307.59,1342,1480,43,201,1314,133,794,
Austin,2025-12,31,31,8787.24,27265.85,1232,1407,55,339,1198,132,770,
Austin,2026-01,31,31,8877.39,28680.90,1400,1579,75,269,1371,127,817,
Austin,2026-02,28,28,8462.97,29032.47,1200,1894,97,222,1184,121,821,
Austin,2026-03,31,31,9209.30,32280.68,1118,2037,79,120,1088,111,880,
Austin,2026-04,30,30,7764.19,32611.09,1321,2253,58,68,1286,110,950,
Austin,2026-05,31,31,8282.51,34172.00,1205,2335,35,81,1174,115,932,
Austin,2026-06,30,30,8724.70,34038.56,1343,2510,41,131,1313,165,1046,
Austin,2026-07,31,31,8655.87,39619.63,1168,2917,30,124,1126,163,1153,
Austin,2026-08,31,31,8216.37,39446.08,975,2694,90,171,958,148,1179,
Austin,2026-09,17,30,6744.35,22722.64,449,1371,75,36,441,110,759,
Dallas,2023-04,30,30,0.00,0.00,0,0,0,0,0,,0,
Dallas,2023-05,31,31,0.00,0.00,0,0,0,0,0,,0,
Dallas,2023-06,30,30,0.00,0.00,0,0,0,0,0,,0,
Dallas,2023-07,31,31,0.00,0.00,0,0,0,0,0,,0,
Dallas,2023-08,31,31,0.00,0.00,0,0,0,0,0,,0,
Dallas,2023-09,30,30,0.00,0.00,0,0,0,0,0,,0,
Dallas,2023-10,31,31,0.00,0.00,0,0,0,0,0,,0,
Dallas,2023-11,30,30,0.00,0.00,0,0,0,0,0,,0,
Dallas,2023-12,31,31,0.00,0.00,0,0,0,0,0,,0,
Dallas,2024-01,31,31,0.00,0.00,0,0,0,0,0,,0,
Dallas,2024-02,29,29,0.00,0.00,0,0,0,0,0,0,0,
Dallas,2024-03,31,31,0.00,0.00,0,0,0,0,0,0,0,
Dallas,2024-04,30,30,0.00,0.00,0,0,0,0,0,0,0,
Dallas,2024-05,31,31,0.00,0.00,0,0,0,0,0,0,0,
Dallas,2024-06,30,30,0.00,0.00,0,0,0,0,0,0,0,
Dallas,2024-07,31,31,0.00,0.00,0,0,0,0,0,0,0,
Dallas,2024-08,31,31,0.00,0.00,0,0,0,0,0,0,0,
Dallas,2024-09,30,30,0.00,0.00,0,0,0,0,0,0,0,
Dallas,2024-10,31,31,0.00,0.00,0,0,0,0,0,0,0,
Dallas,2024-11,30,30,0.00,0.00,0,0,0,0,0,0,0,
Dallas,2024-12,31,31,0.00,0.00,0,0,0,0,0,0,0,
Dallas,2025-01,31,31,0.00,0.00,0,0,0,0,0,0,0,
Dallas,2025-02,28,28,0.00,0.00,0,0,0,0,0,0,0,
Dallas,2025-03,31,31,0.00,0.00,0,0,0,0,0,0,0,
Dallas,2025-04,30,30,0.00,0.00,0,0,0,0,0,0,0,
Dallas,2025-05,31,31,0.00,0.00,0,0,0,0,0,0,0,
Dallas,2025-06,30,30,0.00,0.00,0,0,0,0,0,0,0,
Dallas,2025-07,31,31,0.00,0.00,0,0,0,0,0,0,0,
Dallas,2025-08,31,31,0.00,0.00,0,0,0,0,0,0,0,
Dallas,2025-09,30,30,0.00,0.00,0,0,0,0,0,0,0,
Dallas,2025-10,31,31,0.00,48.24,1,3,9,1,1,0,14,
Dallas,2025-11,30,30,19.44,247.43,42,22,68,1,40,19,74,
Dallas,2025-12,31,31,56.67,753.42,60,56,27,2,58,23,69,
Dallas,2026-01,31,31,652.84,1434.57,74,71,21,9,72,24,73,
Dallas,2026-02,28,28,611.14,2330.20,83,161,23,29,80,22,99,
Dallas,2026-03,31,31,744.77,2114.32,90,132,24,11,88,22,82,
Dallas,2026-04,30,30,677.73,2427.51,96,244,54,22,95,20,161,
Dallas,2026-05,31,31,721.43,2631.27,68,231,14,26,65,17,139,
Dallas,2026-06,30,30,683.15,1811.93,25,153,18,4,24,25,104,
Dallas,2026-07,31,31,531.91,3398.73,52,314,51,10,51,26,158,
Dallas,2026-08,31,31,556.48,2712.78,37,215,26,11,37,20,143,
Dallas,2026-09,17,30,430.88,1298.69,9,93,54,9,9,12,86,
Deleted Account Revenue,2023-04,30,30,0.00,0.00,0,0,0,0,0,,0,
Deleted Account Revenue,2023-05,31,31,0.00,0.00,0,0,0,0,0,,0,
Deleted Account Revenue,2023-06,30,30,0.00,0.00,0,0,0,0,0,,0,
Deleted Account Revenue,2023-07,31,31,0.00,0.00,0,0,0,0,0,,0,
Deleted Account Revenue,2023-08,31,31,0.00,0.00,0,0,0,0,0,,0,
Deleted Account Revenue,2023-09,30,30,0.00,0.00,0,0,0,0,0,,0,
Deleted Account Revenue,2023-10,31,31,0.00,0.00,0,0,0,0,0,,0,
Deleted Account Revenue,2023-11,30,30,0.00,0.00,0,0,0,0,0,,0,
Deleted Account Revenue,2023-12,31,31,0.00,0.00,0,0,0,0,0,,0,
Deleted Account Revenue,2024-01,31,31,0.00,0.00,0,0,0,0,0,,0,
Deleted Account Revenue,2024-02,29,29,0.00,0.00,0,0,0,0,0,,0,
Deleted Account Revenue,2024-03,31,31,2.00,2.00,0,0,0,0,0,,0,
Deleted Account Revenue,2024-04,30,30,108.36,108.36,0,0,0,0,0,,0,
Deleted Account Revenue,2024-05,31,31,316.60,316.60,0,0,0,0,0,,0,
Deleted Account Revenue,2024-06,30,30,370.78,370.78,0,0,0,0,0,,0,
Deleted Account Revenue,2024-07,31,31,418.60,418.60,0,0,0,0,0,,0,
Deleted Account Revenue,2024-08,31,31,315.54,315.54,0,0,0,0,0,,0,
Deleted Account Revenue,2024-09,30,30,212.54,212.54,0,0,0,0,0,,0,
Deleted Account Revenue,2024-10,31,31,315.70,379.45,0,0,0,0,0,,0,
Deleted Account Revenue,2024-11,30,30,158.20,285.70,0,0,0,0,0,,0,
Deleted Account Revenue,2024-12,31,31,290.36,332.86,0,0,0,0,0,,0,
Deleted Account Revenue,2025-01,31,31,255.76,15002.11,0,0,0,0,0,,0,
Deleted Account Revenue,2025-02,28,28,137.68,267.58,0,0,0,0,0,,0,
Deleted Account Revenue,2025-03,31,31,155.98,361.66,0,0,0,0,0,,0,
Deleted Account Revenue,2025-04,30,30,157.04,1374.90,0,0,0,0,0,,0,
Deleted Account Revenue,2025-05,31,31,231.74,561.91,0,0,0,0,0,,0,
Deleted Account Revenue,2025-06,30,30,230.57,338.82,0,0,0,0,0,,0,
Deleted Account Revenue,2025-07,31,31,474.12,668.97,0,0,0,0,0,,0,
Deleted Account Revenue,2025-08,31,31,512.00,706.85,0,0,0,0,0,,0,
Deleted Account Revenue,2025-09,30,30,308.68,434.24,0,0,0,0,0,,0,
Deleted Account Revenue,2025-10,31,31,277.01,617.20,0,0,0,0,0,,0,
Deleted Account Revenue,2025-11,30,30,347.72,391.02,0,0,0,0,0,,0,
Deleted Account Revenue,2025-12,31,31,413.52,658.28,0,0,0,0,0,,0,
Deleted Account Revenue,2026-01,31,31,218.15,413.43,0,0,0,0,0,,0,
Deleted Account Revenue,2026-02,28,28,336.66,5631.07,0,0,0,0,0,,0,
Deleted Account Revenue,2026-03,31,31,420.99,2172.41,0,0,0,0,0,,0,
Deleted Account Revenue,2026-04,30,30,131.02,131.02,0,0,0,0,0,,0,
Deleted Account Revenue,2026-05,31,31,238.56,238.56,0,0,0,0,0,,0,
Deleted Account Revenue,2026-06,30,30,206.79,206.79,0,0,0,0,0,,0,
Deleted Account Revenue,2026-07,31,31,24.93,24.93,0,0,0,0,0,,0,
Deleted Account Revenue,2026-08,31,31,42.69,42.69,0,0,0,0,0,,0,
Deleted Account Revenue,2026-09,17,30,71.99,71.99,0,0,0,0,0,,0,
El Paso,2023-04,30,30,0.00,0.00,0,0,0,0,0,,0,
El Paso,2023-05,31,31,0.00,0.00,0,0,0,0,0,,0,
El Paso,2023-06,30,30,0.00,0.00,0,0,0,0,0,,0,
El Paso,2023-07,31,31,0.00,0.00,0,0,0,0,0,,0,
El Paso,2023-08,31,31,0.00,0.00,0,0,0,0,0,,0,
El Paso,2023-09,30,30,0.00,0.00,0,0,0,0,0,,0,
El Paso,2023-10,31,31,0.00,0.00,0,0,0,0,0,,0,
El Paso,2023-11,30,30,0.00,0.00,0,0,0,0,0,,0,
El Paso,2023-12,31,31,0.00,0.00,0,0,0,0,0,,0,
El Paso,2024-01,31,31,0.00,0.00,0,0,0,0,0,,0,
El Paso,2024-02,29,29,0.00,0.00,0,0,0,0,0,0,0,
El Paso,2024-03,31,31,0.00,0.00,0,0,0,0,0,0,0,
El Paso,2024-04,30,30,0.00,0.00,0,0,0,0,0,0,0,
El Paso,2024-05,31,31,0.00,0.00,0,0,0,0,0,0,0,
El Paso,2024-06,30,30,0.00,0.00,0,0,0,0,0,0,0,
El Paso,2024-07,31,31,0.00,0.00,0,0,0,0,0,0,0,
El Paso,2024-08,31,31,0.00,0.00,0,0,0,0,0,0,0,
El Paso,2024-09,30,30,0.00,0.00,0,0,0,0,0,0,0,
El Paso,2024-10,31,31,0.00,0.00,0,0,0,0,0,0,0,
El Paso,2024-11,30,30,0.00,0.00,0,0,0,0,0,0,0,
El Paso,2024-12,31,31,0.00,0.00,0,0,0,0,0,0,0,
El Paso,2025-01,31,31,0.00,0.00,0,0,0,0,0,0,0,
El Paso,2025-02,28,28,0.00,0.00,0,0,0,0,0,0,0,
El Paso,2025-03,31,31,0.00,0.00,0,0,0,0,0,0,0,
El Paso,2025-04,30,30,0.00,0.00,0,0,0,0,0,0,0,
El Paso,2025-05,31,31,0.00,0.00,0,0,0,0,0,0,0,
El Paso,2025-06,30,30,0.00,0.00,0,0,0,0,0,0,0,
El Paso,2025-07,31,31,0.00,0.00,0,0,0,0,0,0,0,
El Paso,2025-08,31,31,0.00,0.00,0,0,0,0,0,0,0,
El Paso,2025-09,30,30,0.00,0.00,0,0,0,0,0,0,0,
El Paso,2025-10,31,31,0.00,0.00,0,0,0,0,0,0,0,
El Paso,2025-11,30,30,0.00,0.00,0,0,0,0,0,0,0,
El Paso,2025-12,31,31,0.00,0.00,0,0,0,0,0,0,0,
El Paso,2026-01,31,31,0.00,0.00,0,0,0,0,0,0,0,
El Paso,2026-02,28,28,0.00,0.00,0,0,0,0,0,0,0,
El Paso,2026-03,31,31,0.00,0.00,0,0,0,0,0,0,0,
El Paso,2026-04,30,30,0.00,0.00,0,0,0,0,0,0,0,
El Paso,2026-05,31,31,0.00,1.08,0,0,0,0,0,0,0,
El Paso,2026-06,30,30,0.00,0.00,0,0,0,0,0,0,0,
El Paso,2026-07,31,31,0.00,0.00,0,0,0,0,0,0,0,
El Paso,2026-08,31,31,0.00,0.54,0,0,0,0,0,0,0,
El Paso,2026-09,17,30,0.00,0.00,0,0,0,0,0,0,0,
Houston,2023-04,30,30,0.00,0.00,0,0,0,0,0,,0,
Houston,2023-05,31,31,0.00,0.00,0,0,0,0,0,,0,
Houston,2023-06,30,30,0.00,0.00,0,0,0,0,0,,0,
Houston,2023-07,31,31,0.00,0.00,0,0,0,0,0,,0,
Houston,2023-08,31,31,0.00,0.00,0,0,0,0,0,,0,
Houston,2023-09,30,30,0.00,0.00,0,0,0,0,0,,0,
Houston,2023-10,31,31,0.00,0.00,0,0,0,0,0,,0,
Houston,2023-11,30,30,0.00,0.00,0,0,0,0,0,,0,
Houston,2023-12,31,31,0.00,0.00,0,0,0,0,0,,0,
Houston,2024-01,31,31,0.00,0.00,0,0,0,0,0,,0,
Houston,2024-02,29,29,0.00,0.00,0,0,0,0,0,0,0,
Houston,2024-03,31,31,0.00,0.00,0,0,0,0,0,0,0,
Houston,2024-04,30,30,0.00,0.00,0,0,0,0,0,0,0,
Houston,2024-05,31,31,0.00,0.00,0,0,0,0,0,0,0,
Houston,2024-06,30,30,34.64,34.64,0,0,0,36,0,1,29,
Houston,2024-07,31,31,54.13,103.28,0,20,2,160,0,1,98,
Houston,2024-08,31,31,57.37,1286.27,2,169,15,69,2,2,144,
Houston,2024-09,30,30,186.19,1332.58,33,200,55,65,33,5,202,
Houston,2024-10,31,31,283.65,1456.08,41,170,11,100,38,6,165,
Houston,2024-11,30,30,322.61,2150.49,74,194,34,132,68,10,210,
Houston,2024-12,31,31,452.53,1868.08,107,157,20,11,98,13,97,
Houston,2025-01,31,31,615.98,615.98,190,266,27,24,175,22,181,
Houston,2025-02,28,28,921.31,3848.18,125,291,23,16,120,18,165,
Houston,2025-03,31,31,967.82,4795.64,187,381,27,6,182,22,199,
Houston,2025-04,30,30,1636.66,6837.82,326,530,47,33,315,27,281,
Houston,2025-05,31,31,1869.36,7521.84,332,593,21,63,319,23,336,
Houston,2025-06,30,30,1941.85,9836.99,517,821,49,26,498,39,406,
Houston,2025-07,31,31,2610.84,11084.64,712,870,97,68,700,43,464,
Houston,2025-08,31,31,2797.04,9354.61,409,672,85,42,401,36,370,
Houston,2025-09,30,30,2134.14,8026.08,324,575,52,22,322,36,300,
Houston,2025-10,31,31,2284.23,8937.19,381,636,16,37,378,33,306,
Houston,2025-11,30,30,2195.13,7698.71,378,562,9,41,376,35,282,
Houston,2025-12,31,31,1873.87,8816.06,239,718,68,53,239,36,397,
Houston,2026-01,31,31,2175.60,10897.44,255,775,117,63,250,36,432,
Houston,2026-02,28,28,2535.42,11593.18,234,784,33,87,232,30,346,
Houston,2026-03,31,31,2103.14,11704.82,346,950,61,18,344,38,412,
Houston,2026-04,30,30,2946.40,14747.44,331,1116,127,77,330,32,510,
Houston,2026-05,31,31,2745.39,14880.15,303,1075,133,67,299,32,540,
Houston,2026-06,30,30,3160.12,16557.49,383,1134,219,63,380,53,662,
Houston,2026-07,31,31,3029.70,26213.37,587,1887,226,62,572,71,886,
Houston,2026-08,31,31,4215.97,20525.52,462,1302,185,53,450,72,709,
Houston,2026-09,17,30,3782.79,12157.16,165,664,152,77,162,56,466,
OKC,2023-04,30,30,0.00,0.00,0,0,0,0,0,,0,
OKC,2023-05,31,31,0.00,0.00,0,0,0,0,0,,0,
OKC,2023-06,30,30,0.00,0.00,0,0,0,0,0,,0,
OKC,2023-07,31,31,0.00,0.00,0,0,0,0,0,,0,
OKC,2023-08,31,31,0.00,0.00,0,0,0,0,0,,0,
OKC,2023-09,30,30,0.00,0.00,0,0,0,0,0,,0,
OKC,2023-10,31,31,0.00,0.00,0,0,0,0,0,,0,
OKC,2023-11,30,30,0.00,0.00,0,0,0,0,0,,0,
OKC,2023-12,31,31,0.00,0.00,0,0,0,0,0,,0,
OKC,2024-01,31,31,0.00,0.00,0,0,0,0,0,,0,
OKC,2024-02,29,29,0.00,0.00,0,0,0,0,0,0,0,
OKC,2024-03,31,31,0.00,0.00,0,0,0,0,0,0,0,
OKC,2024-04,30,30,0.00,0.00,0,0,0,0,0,0,0,
OKC,2024-05,31,31,0.00,0.00,0,0,0,0,0,0,0,
OKC,2024-06,30,30,0.00,0.00,0,0,0,0,0,0,0,
OKC,2024-07,31,31,0.00,0.00,0,0,0,0,0,0,0,
OKC,2024-08,31,31,0.00,0.00,0,0,0,0,0,0,0,
OKC,2024-09,30,30,0.00,0.00,0,0,0,0,0,0,0,
OKC,2024-10,31,31,0.00,0.00,0,0,0,0,0,0,0,
OKC,2024-11,30,30,0.00,0.00,0,0,0,0,0,0,0,
OKC,2024-12,31,31,0.00,0.00,0,0,0,0,0,0,0,
OKC,2025-01,31,31,0.00,0.00,0,0,0,0,0,0,0,
OKC,2025-02,28,28,0.00,0.00,0,0,0,0,0,0,0,
OKC,2025-03,31,31,0.00,0.00,0,0,0,0,0,0,0,
OKC,2025-04,30,30,0.00,0.00,0,0,0,0,0,0,0,
OKC,2025-05,31,31,0.00,0.00,0,0,0,0,0,0,0,
OKC,2025-06,30,30,0.00,0.00,0,0,0,0,0,0,0,
OKC,2025-07,31,31,0.00,0.00,0,0,0,0,0,0,0,
OKC,2025-08,31,31,0.00,0.00,0,0,0,0,0,0,0,
OKC,2025-09,30,30,0.00,0.00,0,0,0,0,0,0,0,
OKC,2025-10,31,31,0.00,0.00,0,0,0,0,0,0,0,
OKC,2025-11,30,30,0.00,0.00,0,0,0,0,0,0,0,
OKC,2025-12,31,31,0.00,0.00,0,0,0,0,0,0,0,
OKC,2026-01,31,31,0.00,0.00,0,0,0,0,0,0,0,
OKC,2026-02,28,28,0.00,2.18,0,0,0,0,0,0,0,
OKC,2026-03,31,31,9.81,107.73,43,95,13,1,42,7,52,
OKC,2026-04,30,30,27.21,499.86,68,149,4,0,64,14,70,
OKC,2026-05,31,31,93.44,792.97,37,135,0,0,37,12,57,
OKC,2026-06,30,30,107.55,742.72,32,104,3,0,32,16,53,
OKC,2026-07,31,31,119.24,1319.49,62,161,20,4,59,14,79,
OKC,2026-08,31,31,258.35,3104.10,58,311,14,11,57,12,103,
OKC,2026-09,17,30,320.47,2118.58,23,185,8,2,22,7,74,
San Antonio,2023-04,30,30,0.00,0.00,0,0,0,0,0,,0,
San Antonio,2023-05,31,31,0.00,0.00,0,0,0,0,0,,0,
San Antonio,2023-06,30,30,0.00,0.00,0,0,0,0,0,,0,
San Antonio,2023-07,31,31,0.00,0.00,0,0,0,0,0,,0,
San Antonio,2023-08,31,31,0.00,0.00,0,0,0,0,0,,0,
San Antonio,2023-09,30,30,0.00,0.00,0,0,0,0,0,,0,
San Antonio,2023-10,31,31,0.00,0.00,0,0,0,0,0,,0,
San Antonio,2023-11,30,30,0.00,0.00,0,0,0,0,0,,0,
San Antonio,2023-12,31,31,0.00,0.00,0,0,0,0,0,,0,
San Antonio,2024-01,31,31,0.00,0.00,0,0,0,0,0,,0,
San Antonio,2024-02,29,29,0.00,0.00,0,0,0,0,0,0,0,
San Antonio,2024-03,31,31,0.00,0.00,0,0,0,0,0,0,0,
San Antonio,2024-04,30,30,0.00,0.00,0,0,0,0,0,0,0,
San Antonio,2024-05,31,31,0.00,0.00,0,0,0,0,0,0,0,
San Antonio,2024-06,30,30,0.00,0.00,0,0,0,0,0,0,0,
San Antonio,2024-07,31,31,1.06,1.06,0,0,0,0,0,0,0,
San Antonio,2024-08,31,31,52.06,52.06,0,0,0,0,0,0,0,
San Antonio,2024-09,30,30,0.00,0.00,0,0,0,0,0,0,0,
San Antonio,2024-10,31,31,0.00,0.00,0,0,0,0,0,0,0,
San Antonio,2024-11,30,30,0.00,0.00,0,0,0,0,0,0,0,
San Antonio,2024-12,31,31,0.00,0.00,0,0,0,0,0,0,0,
San Antonio,2025-01,31,31,0.00,0.00,0,0,0,0,0,0,0,
San Antonio,2025-02,28,28,0.00,0.00,0,0,0,0,0,0,0,
San Antonio,2025-03,31,31,15.12,91.80,27,45,8,3,26,7,52,
San Antonio,2025-04,30,30,33.48,599.90,133,279,7,11,119,19,129,
San Antonio,2025-05,31,31,502.29,2150.24,149,273,7,35,139,19,146,
San Antonio,2025-06,30,30,749.12,3700.31,226,284,21,15,207,27,178,
San Antonio,2025-07,31,31,1060.94,3827.90,204,230,13,22,194,25,161,
San Antonio,2025-08,31,31,731.79,4146.63,169,300,17,18,139,28,156,
San Antonio,2025-09,30,30,1084.53,6935.50,209,595,18,36,176,25,223,
San Antonio,2025-10,31,31,1252.91,7852.00,332,665,23,37,295,33,280,
San Antonio,2025-11,30,30,1905.70,9814.19,333,764,13,51,318,39,318,
San Antonio,2025-12,31,31,1818.63,11025.12,352,904,38,44,335,46,360,
San Antonio,2026-01,31,31,2992.59,11767.22,481,930,69,77,455,49,405,
San Antonio,2026-02,28,28,2622.48,11638.05,370,976,67,51,356,52,384,
San Antonio,2026-03,31,31,3026.18,11512.35,399,844,54,52,371,43,391,
San Antonio,2026-04,30,30,2730.09,11033.54,476,881,123,66,437,48,465,
San Antonio,2026-05,31,31,3167.84,15824.33,534,1137,73,76,477,44,464,
San Antonio,2026-06,30,30,3687.07,18713.71,718,1118,47,31,665,96,424,
San Antonio,2026-07,31,31,4874.56,23127.39,750,1459,65,28,707,92,577,
San Antonio,2026-08,31,31,4590.11,22580.26,648,1481,75,74,601,91,611,
San Antonio,2026-09,17,30,5028.50,15362.25,383,931,54,103,359,80,434,
St. Louis,2023-04,30,30,0.00,0.00,0,0,0,0,0,,0,
St. Louis,2023-05,31,31,0.00,0.00,0,0,0,0,0,,0,
St. Louis,2023-06,30,30,0.00,0.00,0,0,0,0,0,,0,
St. Louis,2023-07,31,31,0.00,0.00,0,0,0,0,0,,0,
St. Louis,2023-08,31,31,0.00,0.00,0,0,0,0,0,,0,
St. Louis,2023-09,30,30,0.00,0.00,0,0,0,0,0,,0,
St. Louis,2023-10,31,31,0.00,0.00,0,0,0,0,0,,0,
St. Louis,2023-11,30,30,0.00,0.00,0,0,0,0,0,,0,
St. Louis,2023-12,31,31,0.00,0.00,0,0,0,0,0,,0,
St. Louis,2024-01,31,31,0.00,0.00,0,0,0,0,0,,0,
St. Louis,2024-02,29,29,0.00,0.00,0,0,0,0,0,0,0,
St. Louis,2024-03,31,31,0.00,0.00,0,0,0,0,0,0,0,
St. Louis,2024-04,30,30,0.00,0.00,0,0,0,0,0,0,0,
St. Louis,2024-05,31,31,0.00,0.00,0,0,0,0,0,0,0,
St. Louis,2024-06,30,30,0.00,0.00,0,0,0,0,0,0,0,
St. Louis,2024-07,31,31,0.00,0.00,0,0,0,0,0,0,0,
St. Louis,2024-08,31,31,0.00,0.00,0,0,0,0,0,0,0,
St. Louis,2024-09,30,30,0.00,0.00,0,0,0,0,0,0,0,
St. Louis,2024-10,31,31,0.00,0.00,0,0,0,0,0,0,0,
St. Louis,2024-11,30,30,0.00,0.00,0,0,0,0,0,0,0,
St. Louis,2024-12,31,31,0.00,0.00,0,0,0,0,0,0,0,
St. Louis,2025-01,31,31,0.00,0.00,0,0,0,0,0,0,0,
St. Louis,2025-02,28,28,0.00,0.00,0,0,0,0,0,0,0,
St. Louis,2025-03,31,31,0.00,0.00,0,0,0,0,0,0,0,
St. Louis,2025-04,30,30,0.00,0.00,0,0,0,0,0,0,0,
St. Louis,2025-05,31,31,0.00,0.00,0,0,0,0,0,0,0,
St. Louis,2025-06,30,30,0.00,0.00,0,0,0,0,0,0,0,
St. Louis,2025-07,31,31,0.00,0.00,0,0,0,0,0,0,0,
St. Louis,2025-08,31,31,3.30,62.52,1,5,13,0,1,2,19,
St. Louis,2025-09,30,30,22.00,1058.35,47,103,31,2,46,13,81,
St. Louis,2025-10,31,31,33.00,1729.00,88,149,27,2,78,22,100,
St. Louis,2025-11,30,30,284.12,1350.09,85,100,15,5,80,21,70,
St. Louis,2025-12,31,31,238.89,1250.57,80,89,21,9,77,26,83,
St. Louis,2026-01,31,31,463.89,1738.47,57,135,4,7,53,24,74,
St. Louis,2026-02,28,28,333.39,2071.37,133,184,3,31,130,20,104,
St. Louis,2026-03,31,31,430.91,2466.28,102,219,13,6,97,22,87,
St. Louis,2026-04,30,30,567.01,2673.14,75,233,3,2,73,21,77,
St. Louis,2026-05,31,31,510.84,1257.30,23,81,1,3,23,14,40,
St. Louis,2026-06,30,30,259.94,634.78,13,36,2,1,13,17,33,
St. Louis,2026-07,31,31,192.56,1117.17,41,112,17,3,41,18,66,
St. Louis,2026-08,31,31,276.41,1210.75,63,99,20,5,63,24,81,
St. Louis,2026-09,17,30,449.66,861.10,26,47,22,4,25,21,61,
