market,listing_name,source,venue_name,street_address,city,state,zip,lat,lng,confidence,source_url,notes
Dallas / Fort Worth,City Futsal,Plei,City Futsal (location unresolved),,,TX,,,,low,https://www.cityfutsal.com/,"AMBIGUOUS. Likely the Farmers Market site (1224 S Cesar Chavez Blvd, Dallas 75201; 32.77697,-96.78763) because Plei lists The Colony separately. Confirm in the Plei listing"
Dallas / Fort Worth,"Crossbar, Denton",GoodRec,Crossbar Soccer + Beer,2686 Old Alton Rd,Denton,TX,76210,33.13030,-97.10263,high,https://www.google.com/maps/place/?q=place_id:ChIJKT5L577NTYYRs8heGwJfzZU,Salient Touch also trains here
Dallas / Fort Worth,City Futsal The Colony,Plei,City Futsal (Austin Ranch),5812 Windhaven Pkwy,The Colony,TX,75056,33.05734,-96.86241,high,https://www.google.com/maps/place/?q=place_id:ChIJgUo5JPMlTIYRUZ73w_tjvxg,Same venue as City Futsal Austin Ranch (GoodRec)
Dallas / Fort Worth,"City Futsal, Austin Ranch",GoodRec,City Futsal (Austin Ranch),5812 Windhaven Pkwy,The Colony,TX,75056,33.05734,-96.86241,high,https://visitthecolonytx.com/481/City-Futsal-at-Austin-Ranch,Same venue as City Futsal The Colony (Plei)
Dallas / Fort Worth,Salient Touch Futbol Academy,Plei,Salient Touch Futbol Academy (North Richland Hills),6428 Davis Blvd Bldg 3,North Richland Hills,TX,76182,32.86558,-97.20662,low,https://www.google.com/maps/place/?q=place_id:ChIJMSLPoR95ToYRO2DPJdDAyxk,"AMBIGUOUS. 3 DFW sites: NRH (most likely), Carrollton 1400 W Hebron Pkwy 75010, Denton inside Crossbar Denton. Confirm in the Plei listing"
Dallas / Fort Worth,Salient Touch,GoodRec,Salient Touch Futbol Academy (location unresolved),,,TX,,,,low,https://www.salienttouch.com/,"AMBIGUOUS. Same 3 candidates; NRH most likely. Probably the same venue as the Plei listing"
Dallas / Fort Worth,Foro Sports Club,Plei,Foro Sports Club,14725 Preston Rd,Dallas,TX,75254,32.94870,-96.80688,high,https://www.google.com/maps/place/?q=place_id:ChIJVQQ_-hohTIYRb4IpAcoFY9c,Same venue as Foro Sports (GoodRec)
Dallas / Fort Worth,Foro Sports,GoodRec,Foro Sports Club,14725 Preston Rd,Dallas,TX,75254,32.94870,-96.80688,high,https://www.google.com/maps/place/?q=place_id:ChIJVQQ_-hohTIYRb4IpAcoFY9c,Same venue as Foro Sports Club (Plei)
Dallas / Fort Worth,"Crossbar, Richardson",GoodRec,Crossbar Soccer + Beer,1000 Hampshire Ln,Richardson,TX,75080,32.96110,-96.73778,high,https://www.google.com/maps/place/?q=place_id:ChIJGftQe0MfTIYRsjKmUKIR6xM,Same venue as Crossbar Soccer + Beer Richardson (Plei)
Dallas / Fort Worth,Crossbar Soccer + Beer | Richardson,Plei,Crossbar Soccer + Beer,1000 Hampshire Ln,Richardson,TX,75080,32.96110,-96.73778,high,https://www.google.com/maps/place/?q=place_id:ChIJGftQe0MfTIYRsjKmUKIR6xM,Same venue as Crossbar Richardson (GoodRec)
Dallas / Fort Worth,Ulete,Plei,ULETE,2308 Dean Way,Southlake,TX,76092,32.93084,-97.11480,high,https://www.google.com/maps/place/?q=place_id:ChIJEzNR9ZDVTYYR1Go_UXzsWSI,Same venue as Ulete Southlake (GoodRec)
Dallas / Fort Worth,"Ulete, Southlake",GoodRec,ULETE,2308 Dean Way,Southlake,TX,76092,32.93084,-97.11480,high,https://www.google.com/maps/place/?q=place_id:ChIJEzNR9ZDVTYYR1Go_UXzsWSI,Same venue as Ulete (Plei)
Dallas / Fort Worth,"ATH, Allen",GoodRec,Athlete Training and Health - Allen,1110 Raintree Cir #1220,Allen,TX,75013,33.11484,-96.67470,high,https://www.google.com/maps/place/?q=place_id:ChIJud44Ku0XTIYRzhtUV09HP4I,
Dallas / Fort Worth,Pro Touch Soccer Center,Plei,Pro Touch Soccer Center,10717E Northwest Hwy,Dallas,TX,75238,32.86514,-96.69941,high,https://www.google.com/maps/place/?q=place_id:ChIJX47kQfqgToYRJj4JvcvnX0w,Same venue as Pro Touch Lake Highlands (GoodRec)
Dallas / Fort Worth,"Pro Touch, Lake Highlands",GoodRec,Pro Touch Soccer Center,10717E Northwest Hwy,Dallas,TX,75238,32.86514,-96.69941,high,https://www.google.com/maps/place/?q=place_id:ChIJX47kQfqgToYRJj4JvcvnX0w,Same venue as Pro Touch Soccer Center (Plei)
Dallas / Fort Worth,Vaqueros Field at Sycamore Park,Plei,Vaqueros Field at Sycamore Park,2400 E Vickery Blvd,Fort Worth,TX,76104,32.73564,-97.29664,high,https://www.google.com/maps/place/?q=place_id:ChIJDbWaq79xToYREzG2jRslSfY,Outdoor public park field
Dallas / Fort Worth,Rockwall Indoor Sports World,Plei,Rockwall Indoor Sports World,2922 S Goliad St,Rockwall,TX,75032,32.88858,-96.44127,high,https://www.google.com/maps/place/?q=place_id:ChIJ05M3bP6rToYRuDBskoyRYU4,
Dallas / Fort Worth,UMB Bank Performance Center,Plei,UMB Bank Performance Center,9966 John W. Elliott Dr,Frisco,TX,75033,33.16065,-96.82781,high,https://www.google.com/maps/place/?q=place_id:ChIJlV17bCM9TIYR3MJQ4qByl3k,Same venue as UMB Bank Frisco (GoodRec)
Dallas / Fort Worth,"UMB Bank, Frisco",GoodRec,UMB Bank Performance Center,9966 John W. Elliott Dr,Frisco,TX,75033,33.16065,-96.82781,high,https://www.google.com/maps/place/?q=place_id:ChIJlV17bCM9TIYR3MJQ4qByl3k,Same venue as UMB Bank Performance Center (Plei)
Dallas / Fort Worth,CityFutsal Farmers Market,GoodRec,City Futsal (Dallas Farmers Market),1224 S Cesar Chavez Blvd,Dallas,TX,75201,32.77697,-96.78763,high,https://www.google.com/maps/place/?q=place_id:ChIJ95t6Hq2ZToYR-4azYsBuLn8,Probably the same venue as plain City Futsal (Plei)
Dallas / Fort Worth,Upper 90 Soccer Center,Plei and GoodRec,Upper 90 Soccer Center,1118 California Ln,Arlington,TX,76015,32.69851,-97.12505,high,https://www.google.com/maps/place/?q=place_id:ChIJmYI6nTJ9ToYR3I71Y4NHus8,Listed on both apps
Dallas / Fort Worth,SoccerZone,Plei,SoccerZone,3254 W Camp Wisdom Rd,Dallas,TX,75237,32.66104,-96.87357,medium,https://www.google.com/maps/place/?q=place_id:ChIJ60sZo3SRToYR4xmW4CyD1Fg,Name match only
Dallas / Fort Worth,TOCA Soccer Center | The Colony / TOCA Colony,Plei and GoodRec,TOCA Soccer Center The Colony,7801 Main St,The Colony,TX,75056,33.11315,-96.89333,high,https://www.google.com/maps/place/?q=place_id:ChIJBTmaNPE6TIYR5PT6eO1SeBc,Listed on both apps
Dallas / Fort Worth,"Gateway Park, Fort Worth",GoodRec,Gateway Park Synthetic Fields,Players Pkwy,Fort Worth,TX,76117,32.76134,-97.27855,medium,https://www.google.com/maps/place/?q=place_id:ChIJLRPMDPpxToYRAjuVd_UiZqI,No street number; large park
Dallas / Fort Worth,"TOCA, Allen",GoodRec,TOCA Soccer Center Allen,950 E Main St,Allen,TX,75002,33.09923,-96.64703,high,https://www.google.com/maps/place/?q=place_id:ChIJ34KrTLkQTIYRGH4CTxUnQXE,
Dallas / Fort Worth,Fut360,Plei,Futbol 360 Soccer Complex,3620 W Davis St,Dallas,TX,75211,32.74936,-96.87907,medium,https://www.google.com/maps/place/?q=place_id:ChIJC5iLtPiaToYRYQ7Za8cpFmo,Name match only
Dallas / Fort Worth,"TOCA, Carrollton",GoodRec,TOCA Soccer Center Carrollton,1850 Legends Trail,Carrollton,TX,75006,32.96669,-96.93562,high,https://www.google.com/maps/place/?q=place_id:ChIJleQNGjwpTIYRksta8gWgV8c,
Dallas / Fort Worth,FIT - Forney,GoodRec,Forney Indoor Training (FIT),7 Mustang Cir,Forney,TX,75126,32.75111,-96.45850,high,https://www.google.com/maps/place/?q=place_id:ChIJC4ZoqpCtToYR2zyhSRGxx8k,
Dallas / Fort Worth,Keller Fields | Futbol Evolution,Plei,,,,TX,,,,not_found,,"Not found. Possibly Keller Sports Park, 1 Sports Pkwy, Keller 76248. Confirm in the Plei listing"
Dallas / Fort Worth,North Park Soccer Fields,Plei,North Park Soccer Fields,8750 N Beach St,Fort Worth,TX,76244,32.90284,-97.28845,high,https://www.google.com/maps/place/?q=place_id:ChIJMWl8WkjYTYYRLzwQH35hdOY,City of Fort Worth outdoor fields
Houston,Revolution Soccer Complex,Plei,Revolution Soccer Complex,15111 Ella Blvd,Houston,TX,77090,29.98639,-95.43359,high,https://www.google.com/maps/place/?q=place_id:ChIJc7KMA_XLQIYRcNWSB5i8eBY,
Houston,Toros Lifestyle Soccer Art District,Plei,Houston Toros Soccer Facility,2202 Summer St,Houston,TX,77007,29.77336,-95.38068,medium,https://www.google.com/maps/place/?q=place_id:ChIJy5kVSJK5QIYRZ4lige6by9g,Matched by brand; two futsal courts at Sawyer Yards
Houston,Pegaso HTX,Plei,Pegaso HTX,2619 Polk St,Houston,TX,77003,29.74639,-95.35201,high,https://www.google.com/maps/place/?q=place_id:ChIJf2F9KrK_QIYRlhqgq8RuCmg,
Houston,HTX Fieldhouse,Plei,HTX FieldHouse,716 Telephone Rd,Houston,TX,77023,29.73416,-95.33166,high,https://www.google.com/maps/place/?q=place_id:ChIJz5i4uPa_QIYRs_4TTIeiPGI,New venue
Houston,Houston Soccer Field,Plei,Houston Soccer Field,18850 FM 529,Cypress,TX,77433,29.88014,-95.69771,high,https://www.google.com/maps/place/?q=place_id:ChIJYwnTqjHXQIYRDyENYgvwCWo,About 450 m from King Soccer
Houston,GoPro Arena,Plei,,,,TX,,,,not_found,,Not found. Confirm in the Plei listing
Houston,Crossbar Academy,Plei,Crossbar Academy,17822 Hufsmith-Kohrville Rd,Tomball,TX,77375,30.02641,-95.58554,medium,https://www.google.com/maps/place/?q=place_id:ChIJc13Z2cTTQIYR_V4ZagQKtGI,Same address as Crossbar Academy Indoor Soccer
Houston,Crossbar Academy | Indoor Soccer,Plei,Crossbar Academy,17822 Hufsmith-Kohrville Rd,Tomball,TX,77375,30.02641,-95.58554,low,https://www.google.com/maps/place/?q=place_id:ChIJc13Z2cTTQIYR_V4ZagQKtGI,Assumed same site as Crossbar Academy
Houston,Peek Sports Texas,Plei,Peek Sports Tx,4060 Peek Rd,Katy,TX,77449,29.84746,-95.77257,high,https://www.google.com/maps/place/?q=place_id:ChIJKwMBmCEnQYYRzDwbT8W7jRU,Same phone as Houston Select Soccer
Houston,The HatTrick Oakridge,Plei,Hattrick Oakridge,28137 Robinson Rd,Conroe,TX,77385,30.15572,-95.42558,high,https://www.google.com/maps/place/?q=place_id:ChIJq0NbZ1Q3R4YR70SWb1HpGn4,Hattrick location; partner brand
Houston,The HatTrick Patio,Plei,Hattrick Patio,25155 Hufsmith-Kohrville Rd,Tomball,TX,77375,30.12693,-95.59403,high,https://www.google.com/maps/place/?q=place_id:ChIJ7xa2R-ktR4YRVYNj01t8iVY,"About 0.5 km from 11121 Hufsmith Rd, which is our field The Hattrick T. Likely the same complex: check before showing as a competitor"
Houston,Athlete Training & Health | Cypress,Plei,Athlete Training and Health - Cypress,27646 Northwest Fwy,Cypress,TX,77433,29.98579,-95.73102,high,https://www.google.com/maps/place/?q=place_id:ChIJifE57YsrQYYRYgaI_GrfOHQ,
Houston,Cancha Five Stars | Hillcroft,Plei,Canchas Five Stars,3800 Hillcroft St,Houston,TX,77057,29.72461,-95.50181,high,https://www.google.com/maps/place/?q=place_id:ChIJq4oL6XXDQIYRv88eSzDm49Y,
Houston,Q&B Indoor Sports,Plei,Q&B Sports,1739 Bingle Rd,Houston,TX,77055,29.80234,-95.50114,high,https://www.google.com/maps/place/?q=place_id:ChIJqZn3fUjEQIYRte8Oz1NM7nw,
Houston,Memorial Indoor Soccer,Plei,Memorial Indoor Soccer Academy,1322 S Dairy Ashford Rd,Houston,TX,77077,29.75799,-95.60669,high,https://www.google.com/maps/place/?q=place_id:ChIJCVBh9p7bQIYRc0M9hN7pnEw,
Houston,Futbolito-Golfo de Mexico,Plei,Futbolito-Golfo de Mexico,1060 Galveston St,South Houston,TX,77587,29.65878,-95.24776,high,https://www.google.com/maps/place/?q=place_id:ChIJBeJVh5WXQIYRTiFO2J-FQiY,
Houston,King Soccer,Plei,King Soccer,19120 FM 529,Cypress,TX,77433,29.88079,-95.70232,high,https://www.google.com/maps/place/?q=place_id:ChIJu3LlgLzXQIYRhqnQouBFn9Y,About 450 m from Houston Soccer Field
Houston,Houston Dynamo Sports Park,Plei,Houston Sports Park,12131 Kirby Dr,Houston,TX,77045,29.63803,-95.39533,medium,https://www.google.com/maps/place/?q=place_id:ChIJxcqO6tTqQIYRnAUZYsEpl_s,Dynamo-operated park
Houston,Indoor Soccer Box,Plei,The InDoorSoccerBox,1530 W Sam Houston Pkwy N #121,Houston,TX,77043,29.80087,-95.56204,high,https://www.google.com/maps/place/?q=place_id:ChIJadntBAbbQIYRlM2WxDsMz7I,
Houston,Community Fieldhouse,Plei,Community Fieldhouse Sports Bar and Grill,2007 Riley Fuzzel Rd,Spring,TX,77386,30.10466,-95.40038,high,https://www.google.com/maps/place/?q=place_id:ChIJU431-wQ1R4YRy0zz0yMv1Uk,
Houston,PSG Academy Houston,Plei,Paris Saint-Germain Academy Houston,20212 Franz Rd,Katy,TX,77449,29.80128,-95.73441,high,https://www.google.com/maps/place/?q=place_id:ChIJ1ZGsOn8nQYYRzTygYg3EnIo,
Houston,Houston Select FC,Plei,Houston Select Soccer,,Houston,TX,77079,,,low,https://www.google.com/maps/place/?q=place_id:ChIJe-k69KHbQIYR6eFhgICqFdY,"No street address. Same phone as Peek Sports Tx, so games may be at 4060 Peek Rd, Katy"
